mean_fit_time,std_fit_time,mean_score_time,std_score_time,param_max_depth,param_min_samples_split,param_n_estimators,params,split0_test_score,split1_test_score,split2_test_score,mean_test_score,std_test_score,rank_test_score
1699.8938157558441,19.943473427930716,2.558436473210653,0.04370541384446008,9,3,727,"{'max_depth': 9, 'min_samples_split': 3, 'n_estimators': 727}",-0.0674903010795522,-0.06935857172555422,-0.07000695753627191,-0.06895194344712612,0.0010668957612001615,4
2042.405206600825,6.216376435298605,3.0705435276031494,0.051210157282459645,9,2,878,"{'max_depth': 9, 'min_samples_split': 2, 'n_estimators': 878}",-0.0674267126360937,-0.06940641360457699,-0.07000088051629447,-0.06894466891898839,0.001100451781426249,2
1915.7158500353496,4.618577142130182,3.038922389348348,0.06848307964468071,8,3,913,"{'max_depth': 8, 'min_samples_split': 3, 'n_estimators': 913}",-0.07564090531592194,-0.07941200481304893,-0.0793641869130248,-0.0781390323473319,0.0017665504307711308,7
2191.40842461586,10.832442938547754,3.31380565961202,0.10044486798121237,9,2,942,"{'max_depth': 9, 'min_samples_split': 2, 'n_estimators': 942}",-0.06745159229932472,-0.0694033971785942,-0.07000553895289388,-0.0689535094769376,0.0010900948232136103,5
1893.3117933273315,4.753068883946164,3.0430756409962973,0.01593383338034766,8,3,903,"{'max_depth': 8, 'min_samples_split': 3, 'n_estimators': 903}",-0.0756380374032576,-0.0794162917378033,-0.07937029631313422,-0.07814154181806504,0.0017703445353928308,8
1181.0607333183289,3.5260294695227494,1.812540054321289,0.03303934333813011,9,3,506,"{'max_depth': 9, 'min_samples_split': 3, 'n_estimators': 506}",-0.06740058345961615,-0.06930474410066426,-0.0700574021826348,-0.06892090991430506,0.0011180840587687276,1
1084.6872146129608,3.054315429709892,1.7550947666168213,0.12082186762332159,8,4,519,"{'max_depth': 8, 'min_samples_split': 4, 'n_estimators': 519}",-0.07555628963882612,-0.07938084780856262,-0.07940188954643149,-0.07811300899794008,0.0018078940049376438,6
1821.7015110651653,24.921985877979036,2.8503008683522544,0.17839991907571512,9,4,776,"{'max_depth': 9, 'min_samples_split': 4, 'n_estimators': 776}",-0.06745445290748357,-0.06939567403834648,-0.06999403802734165,-0.06894805499105723,0.0010840188355907363,3
